Rank,ID,start datetime,end datetime,Data file
1,2464,2014/07/08 10:15,2014/07/08 20:00,I:\Data_centre\FloodCitiSense\RG\01-1_EventSelection_3000\Merged_Data\1_2464_Birmingham_EA-RG_201407081015-201407082000.csv
2,632,2006/08/29 11:25,2006/08/29 14:20,I:\Data_centre\FloodCitiSense\RG\01-1_EventSelection_3000\Merged_Data\2_632_Birmingham_EA-RG_200608291125-200608291420.csv
3,1998,2012/07/18 05:50,2012/07/19 04:15,I:\Data_centre\FloodCitiSense\RG\01-1_EventSelection_3000\Merged_Data\3_1998_Birmingham_EA-RG_201207180550-201207190415.csv
4,481,2005/12/31 20:05,2006/01/01 04:25,I:\Data_centre\FloodCitiSense\RG\01-1_EventSelection_3000\Merged_Data\4_481_Birmingham_EA-RG_200512312005-200601010425.csv
5,2879,2016/04/04 06:15,2016/04/04 16:00,I:\Data_centre\FloodCitiSense\RG\01-1_EventSelection_3000\Merged_Data\5_2879_Birmingham_EA-RG_201604040615-201604041600.csv
6,2026,2012/08/25 12:05,2012/08/25 22:40,I:\Data_centre\FloodCitiSense\RG\01-1_EventSelection_3000\Merged_Data\6_2026_Birmingham_EA-RG_201208251205-201208252240.csv
7,2371,2014/02/07 22:25,2014/02/08 05:20,I:\Data_centre\FloodCitiSense\RG\01-1_EventSelection_3000\Merged_Data\7_2371_Birmingham_EA-RG_201402072225-201402080520.csv
8,1564,2010/09/06 15:05,2010/09/07 00:05,I:\Data_centre\FloodCitiSense\RG\01-1_EventSelection_3000\Merged_Data\8_1564_Birmingham_EA-RG_201009061505-201009070005.csv
9,393,2005/08/18 16:20,2005/08/18 22:55,I:\Data_centre\FloodCitiSense\RG\01-1_EventSelection_3000\Merged_Data\9_393_Birmingham_EA-RG_200508181620-200508182255.csv
10,2533,2014/11/03 03:55,2014/11/04 00:30,I:\Data_centre\FloodCitiSense\RG\01-1_EventSelection_3000\Merged_Data\10_2533_Birmingham_EA-RG_201411030355-201411040030.csv
11,2539,2014/11/10 15:35,2014/11/12 11:05,I:\Data_centre\FloodCitiSense\RG\01-1_EventSelection_3000\Merged_Data\11_2539_Birmingham_EA-RG_201411101535-201411121105.csv
12,2004,2012/07/30 23:50,2012/07/31 07:00,I:\Data_centre\FloodCitiSense\RG\01-1_EventSelection_3000\Merged_Data\12_2004_Birmingham_EA-RG_201207302350-201207310700.csv
13,1377,2009/11/12 14:10,2009/11/14 16:55,I:\Data_centre\FloodCitiSense\RG\01-1_EventSelection_3000\Merged_Data\13_1377_Birmingham_EA-RG_200911121410-200911141655.csv
14,1433,2010/01/16 03:55,2010/01/16 10:30,I:\Data_centre\FloodCitiSense\RG\01-1_EventSelection_3000\Merged_Data\14_1433_Birmingham_EA-RG_201001160355-201001161030.csv
15,1367,2009/11/02 22:45,2009/11/03 15:40,I:\Data_centre\FloodCitiSense\RG\01-1_EventSelection_3000\Merged_Data\15_1367_Birmingham_EA-RG_200911022245-200911031540.csv
16,828,2007/07/03 21:10,2007/07/04 02:25,I:\Data_centre\FloodCitiSense\RG\01-1_EventSelection_3000\Merged_Data\16_828_Birmingham_EA-RG_200707032110-200707040225.csv
17,2459,2014/06/28 09:45,2014/06/28 17:15,I:\Data_centre\FloodCitiSense\RG\01-1_EventSelection_3000\Merged_Data\17_2459_Birmingham_EA-RG_201406280945-201406281715.csv
18,2367,2014/02/01 13:50,2014/02/02 00:35,I:\Data_centre\FloodCitiSense\RG\01-1_EventSelection_3000\Merged_Data\18_2367_Birmingham_EA-RG_201402011350-201402020035.csv
19,2926,2016/06/19 15:05,2016/06/19 22:25,I:\Data_centre\FloodCitiSense\RG\01-1_EventSelection_3000\Merged_Data\19_2926_Birmingham_EA-RG_201606191505-201606192225.csv
20,2536,2014/11/06 14:30,2014/11/08 13:30,I:\Data_centre\FloodCitiSense\RG\01-1_EventSelection_3000\Merged_Data\20_2536_Birmingham_EA-RG_201411061430-201411081330.csv
21,2099,2012/11/24 05:50,2012/11/25 05:50,I:\Data_centre\FloodCitiSense\RG\01-1_EventSelection_3000\Merged_Data\21_2099_Birmingham_EA-RG_201211240550-201211250550.csv
22,1983,2012/06/29 20:40,2012/06/30 21:00,I:\Data_centre\FloodCitiSense\RG\01-1_EventSelection_3000\Merged_Data\22_1983_Birmingham_EA-RG_201206292040-201206302100.csv
23,554,2006/04/19 06:45,2006/04/20 17:35,I:\Data_centre\FloodCitiSense\RG\01-1_EventSelection_3000\Merged_Data\23_554_Birmingham_EA-RG_200604190645-200604201735.csv
24,1080,2008/07/31 09:30,2008/08/01 12:40,I:\Data_centre\FloodCitiSense\RG\01-1_EventSelection_3000\Merged_Data\24_1080_Birmingham_EA-RG_200807310930-200808011240.csv
25,1773,2011/08/07 13:10,2011/08/07 23:30,I:\Data_centre\FloodCitiSense\RG\01-1_EventSelection_3000\Merged_Data\25_1773_Birmingham_EA-RG_201108071310-201108072330.csv
26,1106,2008/09/09 00:50,2008/09/09 18:45,I:\Data_centre\FloodCitiSense\RG\01-1_EventSelection_3000\Merged_Data\26_1106_Birmingham_EA-RG_200809090050-200809091845.csv
27,1513,2010/06/13 14:20,2010/06/14 02:20,I:\Data_centre\FloodCitiSense\RG\01-1_EventSelection_3000\Merged_Data\27_1513_Birmingham_EA-RG_201006131420-201006140220.csv
28,1827,2011/11/01 01:00,2011/11/01 08:25,I:\Data_centre\FloodCitiSense\RG\01-1_EventSelection_3000\Merged_Data\28_1827_Birmingham_EA-RG_201111010100-201111010825.csv
29,1547,2010/08/09 17:20,2010/08/10 07:55,I:\Data_centre\FloodCitiSense\RG\01-1_EventSelection_3000\Merged_Data\29_1547_Birmingham_EA-RG_201008091720-201008100755.csv
30,1434,2010/01/16 17:05,2010/01/17 09:40,I:\Data_centre\FloodCitiSense\RG\01-1_EventSelection_3000\Merged_Data\30_1434_Birmingham_EA-RG_201001161705-201001170940.csv
31,1287,2009/06/15 10:10,2009/06/15 16:10,I:\Data_centre\FloodCitiSense\RG\01-1_EventSelection_3000\Merged_Data\31_1287_Birmingham_EA-RG_200906151010-200906151610.csv
32,2034,2012/09/10 03:00,2012/09/11 03:15,I:\Data_centre\FloodCitiSense\RG\01-1_EventSelection_3000\Merged_Data\32_2034_Birmingham_EA-RG_201209100300-201209110315.csv
33,2003,2012/07/30 09:15,2012/07/30 13:20,I:\Data_centre\FloodCitiSense\RG\01-1_EventSelection_3000\Merged_Data\33_2003_Birmingham_EA-RG_201207300915-201207301320.csv
34,2235,2013/07/24 22:50,2013/07/25 05:00,I:\Data_centre\FloodCitiSense\RG\01-1_EventSelection_3000\Merged_Data\34_2235_Birmingham_EA-RG_201307242250-201307250500.csv
35,2918,2016/06/08 14:40,2016/06/08 17:30,I:\Data_centre\FloodCitiSense\RG\01-1_EventSelection_3000\Merged_Data\35_2918_Birmingham_EA-RG_201606081440-201606081730.csv
36,870,2007/09/23 15:50,2007/09/24 07:40,I:\Data_centre\FloodCitiSense\RG\01-1_EventSelection_3000\Merged_Data\36_870_Birmingham_EA-RG_200709231550-200709240740.csv
37,2475,2014/08/01 13:00,2014/08/02 15:35,I:\Data_centre\FloodCitiSense\RG\01-1_EventSelection_3000\Merged_Data\37_2475_Birmingham_EA-RG_201408011300-201408021535.csv
38,1253,2009/04/28 13:15,2009/04/29 01:30,I:\Data_centre\FloodCitiSense\RG\01-1_EventSelection_3000\Merged_Data\38_1253_Birmingham_EA-RG_200904281315-200904290130.csv
39,493,2006/01/16 03:25,2006/01/16 23:40,I:\Data_centre\FloodCitiSense\RG\01-1_EventSelection_3000\Merged_Data\39_493_Birmingham_EA-RG_200601160325-200601162340.csv
40,2454,2014/06/09 19:10,2014/06/10 00:20,I:\Data_centre\FloodCitiSense\RG\01-1_EventSelection_3000\Merged_Data\40_2454_Birmingham_EA-RG_201406091910-201406100020.csv
41,2919,2016/06/10 16:45,2016/06/10 21:55,I:\Data_centre\FloodCitiSense\RG\01-1_EventSelection_3000\Merged_Data\41_2919_Birmingham_EA-RG_201606101645-201606102155.csv
42,2791,2015/12/03 12:25,2015/12/03 22:10,I:\Data_centre\FloodCitiSense\RG\01-1_EventSelection_3000\Merged_Data\42_2791_Birmingham_EA-RG_201512031225-201512032210.csv
43,840,2007/07/19 19:30,2007/07/21 23:35,I:\Data_centre\FloodCitiSense\RG\01-1_EventSelection_3000\Merged_Data\43_840_Birmingham_EA-RG_200707191930-200707212335.csv
44,740,2007/01/09 10:30,2007/01/10 08:05,I:\Data_centre\FloodCitiSense\RG\01-1_EventSelection_3000\Merged_Data\44_740_Birmingham_EA-RG_200701091030-200701100805.csv
45,1097,2008/08/20 14:00,2008/08/20 21:45,I:\Data_centre\FloodCitiSense\RG\01-1_EventSelection_3000\Merged_Data\45_1097_Birmingham_EA-RG_200808201400-200808202145.csv
46,1832,2011/11/04 12:20,2011/11/05 02:10,I:\Data_centre\FloodCitiSense\RG\01-1_EventSelection_3000\Merged_Data\46_1832_Birmingham_EA-RG_201111041220-201111050210.csv
47,2122,2012/12/22 01:20,2012/12/23 05:15,I:\Data_centre\FloodCitiSense\RG\01-1_EventSelection_3000\Merged_Data\47_2122_Birmingham_EA-RG_201212220120-201212230515.csv
48,644,2006/09/22 10:35,2006/09/22 15:30,I:\Data_centre\FloodCitiSense\RG\01-1_EventSelection_3000\Merged_Data\48_644_Birmingham_EA-RG_200609221035-200609221530.csv
49,1550,2010/08/13 08:10,2010/08/14 16:30,I:\Data_centre\FloodCitiSense\RG\01-1_EventSelection_3000\Merged_Data\49_1550_Birmingham_EA-RG_201008130810-201008141630.csv
50,1732,2011/05/26 07:35,2011/05/26 14:50,I:\Data_centre\FloodCitiSense\RG\01-1_EventSelection_3000\Merged_Data\50_1732_Birmingham_EA-RG_201105260735-201105261450.csv
51,1880,2012/01/03 01:20,2012/01/03 14:25,I:\Data_centre\FloodCitiSense\RG\01-1_EventSelection_3000\Merged_Data\51_1880_Birmingham_EA-RG_201201030120-201201031425.csv
52,1103,2008/09/01 09:30,2008/09/03 02:55,I:\Data_centre\FloodCitiSense\RG\01-1_EventSelection_3000\Merged_Data\52_1103_Birmingham_EA-RG_200809010930-200809030255.csv
53,931,2007/12/08 07:25,2007/12/08 20:35,I:\Data_centre\FloodCitiSense\RG\01-1_EventSelection_3000\Merged_Data\53_931_Birmingham_EA-RG_200712080725-200712082035.csv
54,2496,2014/08/29 10:35,2014/08/30 03:15,I:\Data_centre\FloodCitiSense\RG\01-1_EventSelection_3000\Merged_Data\54_2496_Birmingham_EA-RG_201408291035-201408300315.csv
55,2370,2014/02/06 12:30,2014/02/07 08:10,I:\Data_centre\FloodCitiSense\RG\01-1_EventSelection_3000\Merged_Data\55_2370_Birmingham_EA-RG_201402061230-201402070810.csv
56,3190,2017/07/11 04:05,2017/07/12 00:15,I:\Data_centre\FloodCitiSense\RG\01-1_EventSelection_3000\Merged_Data\56_3190_Birmingham_EA-RG_201707110405-201707120015.csv
57,2790,2015/12/02 18:45,2015/12/03 05:35,I:\Data_centre\FloodCitiSense\RG\01-1_EventSelection_3000\Merged_Data\57_2790_Birmingham_EA-RG_201512021845-201512030535.csv
58,1921,2012/03/04 04:30,2012/03/04 17:35,I:\Data_centre\FloodCitiSense\RG\01-1_EventSelection_3000\Merged_Data\58_1921_Birmingham_EA-RG_201203040430-201203041735.csv
59,2753,2015/10/05 03:45,2015/10/06 18:20,I:\Data_centre\FloodCitiSense\RG\01-1_EventSelection_3000\Merged_Data\59_2753_Birmingham_EA-RG_201510050345-201510061820.csv
60,2984,2016/09/16 07:00,2016/09/16 09:20,I:\Data_centre\FloodCitiSense\RG\01-1_EventSelection_3000\Merged_Data\60_2984_Birmingham_EA-RG_201609160700-201609160920.csv
61,2994,2016/10/01 07:55,2016/10/01 21:10,I:\Data_centre\FloodCitiSense\RG\01-1_EventSelection_3000\Merged_Data\61_2994_Birmingham_EA-RG_201610010755-201610012110.csv
62,2025,2012/08/24 14:00,2012/08/25 02:00,I:\Data_centre\FloodCitiSense\RG\01-1_EventSelection_3000\Merged_Data\62_2025_Birmingham_EA-RG_201208241400-201208250200.csv
63,1280,2009/06/05 13:00,2009/06/07 15:30,I:\Data_centre\FloodCitiSense\RG\01-1_EventSelection_3000\Merged_Data\63_1280_Birmingham_EA-RG_200906051300-200906071530.csv
64,1067,2008/07/04 23:00,2008/07/07 21:35,I:\Data_centre\FloodCitiSense\RG\01-1_EventSelection_3000\Merged_Data\64_1067_Birmingham_EA-RG_200807042300-200807072135.csv
65,809,2007/05/30 06:40,2007/05/30 15:55,I:\Data_centre\FloodCitiSense\RG\01-1_EventSelection_3000\Merged_Data\65_809_Birmingham_EA-RG_200705300640-200705301555.csv
66,376,2005/07/04 03:40,2005/07/04 20:55,I:\Data_centre\FloodCitiSense\RG\01-1_EventSelection_3000\Merged_Data\66_376_Birmingham_EA-RG_200507040340-200507042055.csv
67,1252,2009/04/27 03:55,2009/04/28 01:35,I:\Data_centre\FloodCitiSense\RG\01-1_EventSelection_3000\Merged_Data\67_1252_Birmingham_EA-RG_200904270355-200904280135.csv
68,1078,2008/07/29 10:25,2008/07/29 18:30,I:\Data_centre\FloodCitiSense\RG\01-1_EventSelection_3000\Merged_Data\68_1078_Birmingham_EA-RG_200807291025-200807291830.csv
69,1510,2010/06/07 18:55,2010/06/09 08:35,I:\Data_centre\FloodCitiSense\RG\01-1_EventSelection_3000\Merged_Data\69_1510_Birmingham_EA-RG_201006071855-201006090835.csv
70,2022,2012/08/21 16:10,2012/08/21 17:40,I:\Data_centre\FloodCitiSense\RG\01-1_EventSelection_3000\Merged_Data\70_2022_Birmingham_EA-RG_201208211610-201208211740.csv
71,2739,2015/08/31 01:15,2015/09/02 00:05,I:\Data_centre\FloodCitiSense\RG\01-1_EventSelection_3000\Merged_Data\71_2739_Birmingham_EA-RG_201508310115-201509020005.csv
72,2889,2016/04/13 20:35,2016/04/15 00:00,I:\Data_centre\FloodCitiSense\RG\01-1_EventSelection_3000\Merged_Data\72_2889_Birmingham_EA-RG_201604132035-201604150000.csv
73,2868,2016/03/09 00:05,2016/03/09 15:25,I:\Data_centre\FloodCitiSense\RG\01-1_EventSelection_3000\Merged_Data\73_2868_Birmingham_EA-RG_201603090005-201603091525.csv
74,1267,2009/05/14 20:30,2009/05/16 21:40,I:\Data_centre\FloodCitiSense\RG\01-1_EventSelection_3000\Merged_Data\74_1267_Birmingham_EA-RG_200905142030-200905162140.csv
75,1556,2010/08/22 22:45,2010/08/23 16:45,I:\Data_centre\FloodCitiSense\RG\01-1_EventSelection_3000\Merged_Data\75_1556_Birmingham_EA-RG_201008222245-201008231645.csv
76,795,2007/05/08 07:55,2007/05/08 09:25,I:\Data_centre\FloodCitiSense\RG\01-1_EventSelection_3000\Merged_Data\76_795_Birmingham_EA-RG_200705080755-200705080925.csv
77,833,2007/07/09 09:30,2007/07/10 00:40,I:\Data_centre\FloodCitiSense\RG\01-1_EventSelection_3000\Merged_Data\77_833_Birmingham_EA-RG_200707090930-200707100040.csv
78,1144,2008/11/01 16:25,2008/11/02 21:15,I:\Data_centre\FloodCitiSense\RG\01-1_EventSelection_3000\Merged_Data\78_1144_Birmingham_EA-RG_200811011625-200811022115.csv
79,826,2007/06/30 01:35,2007/07/01 13:10,I:\Data_centre\FloodCitiSense\RG\01-1_EventSelection_3000\Merged_Data\79_826_Birmingham_EA-RG_200706300135-200707011310.csv
80,696,2006/11/24 08:10,2006/11/25 10:35,I:\Data_centre\FloodCitiSense\RG\01-1_EventSelection_3000\Merged_Data\80_696_Birmingham_EA-RG_200611240810-200611251035.csv
81,646,2006/09/24 07:05,2006/09/24 08:30,I:\Data_centre\FloodCitiSense\RG\01-1_EventSelection_3000\Merged_Data\81_646_Birmingham_EA-RG_200609240705-200609240830.csv
82,2846,2016/02/05 20:00,2016/02/08 17:00,I:\Data_centre\FloodCitiSense\RG\01-1_EventSelection_3000\Merged_Data\82_2846_Birmingham_EA-RG_201602052000-201602081700.csv
83,1996,2012/07/16 03:55,2012/07/16 19:25,I:\Data_centre\FloodCitiSense\RG\01-1_EventSelection_3000\Merged_Data\83_1996_Birmingham_EA-RG_201207160355-201207161925.csv
84,2449,2014/06/02 19:00,2014/06/03 05:05,I:\Data_centre\FloodCitiSense\RG\01-1_EventSelection_3000\Merged_Data\84_2449_Birmingham_EA-RG_201406021900-201406030505.csv
85,2155,2013/02/05 08:50,2013/02/06 08:00,I:\Data_centre\FloodCitiSense\RG\01-1_EventSelection_3000\Merged_Data\85_2155_Birmingham_EA-RG_201302050850-201302060800.csv
86,2699,2015/07/05 13:00,2015/07/05 18:45,I:\Data_centre\FloodCitiSense\RG\01-1_EventSelection_3000\Merged_Data\86_2699_Birmingham_EA-RG_201507051300-201507051845.csv
87,573,2006/05/21 02:40,2006/05/22 21:10,I:\Data_centre\FloodCitiSense\RG\01-1_EventSelection_3000\Merged_Data\87_573_Birmingham_EA-RG_200605210240-200605222110.csv
88,2043,2012/09/23 11:35,2012/09/24 12:45,I:\Data_centre\FloodCitiSense\RG\01-1_EventSelection_3000\Merged_Data\88_2043_Birmingham_EA-RG_201209231135-201209241245.csv
89,2698,2015/07/03 23:30,2015/07/04 01:35,I:\Data_centre\FloodCitiSense\RG\01-1_EventSelection_3000\Merged_Data\89_2698_Birmingham_EA-RG_201507032330-201507040135.csv
90,2095,2012/11/19 13:50,2012/11/22 04:20,I:\Data_centre\FloodCitiSense\RG\01-1_EventSelection_3000\Merged_Data\90_2095_Birmingham_EA-RG_201211191350-201211220420.csv
91,1109,2008/09/12 08:50,2008/09/12 21:40,I:\Data_centre\FloodCitiSense\RG\01-1_EventSelection_3000\Merged_Data\91_1109_Birmingham_EA-RG_200809120850-200809122140.csv
92,1120,2008/10/04 09:15,2008/10/05 11:25,I:\Data_centre\FloodCitiSense\RG\01-1_EventSelection_3000\Merged_Data\92_1120_Birmingham_EA-RG_200810040915-200810051125.csv
93,2445,2014/05/23 10:35,2014/05/24 18:20,I:\Data_centre\FloodCitiSense\RG\01-1_EventSelection_3000\Merged_Data\93_2445_Birmingham_EA-RG_201405231035-201405241820.csv
94,3030,2016/11/21 02:30,2016/11/22 09:45,I:\Data_centre\FloodCitiSense\RG\01-1_EventSelection_3000\Merged_Data\94_3030_Birmingham_EA-RG_201611210230-201611220945.csv
95,1986,2012/07/06 03:35,2012/07/06 17:20,I:\Data_centre\FloodCitiSense\RG\01-1_EventSelection_3000\Merged_Data\95_1986_Birmingham_EA-RG_201207060335-201207061720.csv
96,424,2005/10/12 09:30,2005/10/13 01:40,I:\Data_centre\FloodCitiSense\RG\01-1_EventSelection_3000\Merged_Data\96_424_Birmingham_EA-RG_200510120930-200510130140.csv
97,2241,2013/08/02 06:05,2013/08/03 03:05,I:\Data_centre\FloodCitiSense\RG\01-1_EventSelection_3000\Merged_Data\97_2241_Birmingham_EA-RG_201308020605-201308030305.csv
98,892,2007/10/28 07:40,2007/10/28 13:10,I:\Data_centre\FloodCitiSense\RG\01-1_EventSelection_3000\Merged_Data\98_892_Birmingham_EA-RG_200710280740-200710281310.csv
99,869,2007/09/21 14:35,2007/09/22 12:45,I:\Data_centre\FloodCitiSense\RG\01-1_EventSelection_3000\Merged_Data\99_869_Birmingham_EA-RG_200709211435-200709221245.csv
100,377,2005/07/05 04:25,2005/07/06 05:15,I:\Data_centre\FloodCitiSense\RG\01-1_EventSelection_3000\Merged_Data\100_377_Birmingham_EA-RG_200507050425-200507060515.csv
101,712,2006/12/11 02:05,2006/12/11 10:15,I:\Data_centre\FloodCitiSense\RG\01-1_EventSelection_3000\Merged_Data\101_712_Birmingham_EA-RG_200612110205-200612111015.csv
102,1342,2009/09/02 03:00,2009/09/03 04:15,I:\Data_centre\FloodCitiSense\RG\01-1_EventSelection_3000\Merged_Data\102_1342_Birmingham_EA-RG_200909020300-200909030415.csv
103,2281,2013/10/11 02:25,2013/10/14 17:45,I:\Data_centre\FloodCitiSense\RG\01-1_EventSelection_3000\Merged_Data\103_2281_Birmingham_EA-RG_201310110225-201310141745.csv
104,2378,2014/02/14 09:00,2014/02/15 17:55,I:\Data_centre\FloodCitiSense\RG\01-1_EventSelection_3000\Merged_Data\104_2378_Birmingham_EA-RG_201402140900-201402151755.csv
105,3028,2016/11/19 21:00,2016/11/20 08:05,I:\Data_centre\FloodCitiSense\RG\01-1_EventSelection_3000\Merged_Data\105_3028_Birmingham_EA-RG_201611192100-201611200805.csv
106,958,2008/01/13 18:30,2008/01/16 04:45,I:\Data_centre\FloodCitiSense\RG\01-1_EventSelection_3000\Merged_Data\106_958_Birmingham_EA-RG_200801131830-200801160445.csv
107,2288,2013/10/19 15:10,2013/10/23 08:45,I:\Data_centre\FloodCitiSense\RG\01-1_EventSelection_3000\Merged_Data\107_2288_Birmingham_EA-RG_201310191510-201310230845.csv
108,2482,2014/08/11 13:50,2014/08/11 17:30,I:\Data_centre\FloodCitiSense\RG\01-1_EventSelection_3000\Merged_Data\108_2482_Birmingham_EA-RG_201408111350-201408111730.csv
109,1493,2010/04/29 11:20,2010/05/01 02:10,I:\Data_centre\FloodCitiSense\RG\01-1_EventSelection_3000\Merged_Data\109_1493_Birmingham_EA-RG_201004291120-201005010210.csv
110,1177,2008/12/12 18:50,2008/12/14 03:10,I:\Data_centre\FloodCitiSense\RG\01-1_EventSelection_3000\Merged_Data\110_1177_Birmingham_EA-RG_200812121850-200812140310.csv
111,628,2006/08/25 15:00,2006/08/26 05:00,I:\Data_centre\FloodCitiSense\RG\01-1_EventSelection_3000\Merged_Data\111_628_Birmingham_EA-RG_200608251500-200608260500.csv
112,1065,2008/07/01 17:25,2008/07/02 04:30,I:\Data_centre\FloodCitiSense\RG\01-1_EventSelection_3000\Merged_Data\112_1065_Birmingham_EA-RG_200807011725-200807020430.csv
113,641,2006/09/13 20:35,2006/09/14 12:00,I:\Data_centre\FloodCitiSense\RG\01-1_EventSelection_3000\Merged_Data\113_641_Birmingham_EA-RG_200609132035-200609141200.csv
114,871,2007/09/24 19:30,2007/09/24 21:55,I:\Data_centre\FloodCitiSense\RG\01-1_EventSelection_3000\Merged_Data\114_871_Birmingham_EA-RG_200709241930-200709242155.csv
115,1322,2009/07/31 17:25,2009/08/01 14:35,I:\Data_centre\FloodCitiSense\RG\01-1_EventSelection_3000\Merged_Data\115_1322_Birmingham_EA-RG_200907311725-200908011435.csv
116,1511,2010/06/09 15:05,2010/06/09 22:45,I:\Data_centre\FloodCitiSense\RG\01-1_EventSelection_3000\Merged_Data\116_1511_Birmingham_EA-RG_201006091505-201006092245.csv
117,1296,2009/06/30 03:05,2009/06/30 13:55,I:\Data_centre\FloodCitiSense\RG\01-1_EventSelection_3000\Merged_Data\117_1296_Birmingham_EA-RG_200906300305-200906301355.csv
118,442,2005/11/08 12:35,2005/11/08 21:55,I:\Data_centre\FloodCitiSense\RG\01-1_EventSelection_3000\Merged_Data\118_442_Birmingham_EA-RG_200511081235-200511082155.csv
119,2481,2014/08/09 21:05,2014/08/11 01:20,I:\Data_centre\FloodCitiSense\RG\01-1_EventSelection_3000\Merged_Data\119_2481_Birmingham_EA-RG_201408092105-201408110120.csv
120,2922,2016/06/12 07:35,2016/06/12 15:40,I:\Data_centre\FloodCitiSense\RG\01-1_EventSelection_3000\Merged_Data\120_2922_Birmingham_EA-RG_201606120735-201606121540.csv
121,2234,2013/07/23 01:20,2013/07/23 08:55,I:\Data_centre\FloodCitiSense\RG\01-1_EventSelection_3000\Merged_Data\121_2234_Birmingham_EA-RG_201307230120-201307230855.csv
122,2983,2016/09/13 12:40,2016/09/13 17:05,I:\Data_centre\FloodCitiSense\RG\01-1_EventSelection_3000\Merged_Data\122_2983_Birmingham_EA-RG_201609131240-201609131705.csv
123,2450,2014/06/03 14:35,2014/06/04 21:20,I:\Data_centre\FloodCitiSense\RG\01-1_EventSelection_3000\Merged_Data\123_2450_Birmingham_EA-RG_201406031435-201406042120.csv
124,1981,2012/06/28 00:05,2012/06/28 12:10,I:\Data_centre\FloodCitiSense\RG\01-1_EventSelection_3000\Merged_Data\124_1981_Birmingham_EA-RG_201206280005-201206281210.csv
125,1994,2012/07/12 15:15,2012/07/14 06:00,I:\Data_centre\FloodCitiSense\RG\01-1_EventSelection_3000\Merged_Data\125_1994_Birmingham_EA-RG_201207121515-201207140600.csv
126,2916,2016/06/01 07:05,2016/06/01 08:40,I:\Data_centre\FloodCitiSense\RG\01-1_EventSelection_3000\Merged_Data\126_2916_Birmingham_EA-RG_201606010705-201606010840.csv
127,2154,2013/02/04 21:10,2013/02/05 01:00,I:\Data_centre\FloodCitiSense\RG\01-1_EventSelection_3000\Merged_Data\127_2154_Birmingham_EA-RG_201302042110-201302050100.csv
128,1970,2012/06/06 10:10,2012/06/09 00:05,I:\Data_centre\FloodCitiSense\RG\01-1_EventSelection_3000\Merged_Data\128_1970_Birmingham_EA-RG_201206061010-201206090005.csv
129,2453,2014/06/09 01:05,2014/06/09 07:35,I:\Data_centre\FloodCitiSense\RG\01-1_EventSelection_3000\Merged_Data\129_2453_Birmingham_EA-RG_201406090105-201406090735.csv
130,810,2007/05/31 10:30,2007/05/31 19:45,I:\Data_centre\FloodCitiSense\RG\01-1_EventSelection_3000\Merged_Data\130_810_Birmingham_EA-RG_200705311030-200705311945.csv
131,1316,2009/07/23 03:15,2009/07/23 17:10,I:\Data_centre\FloodCitiSense\RG\01-1_EventSelection_3000\Merged_Data\131_1316_Birmingham_EA-RG_200907230315-200907231710.csv
132,1291,2009/06/26 07:30,2009/06/27 02:15,I:\Data_centre\FloodCitiSense\RG\01-1_EventSelection_3000\Merged_Data\132_1291_Birmingham_EA-RG_200906260730-200906270215.csv
133,1077,2008/07/28 15:05,2008/07/29 02:45,I:\Data_centre\FloodCitiSense\RG\01-1_EventSelection_3000\Merged_Data\133_1077_Birmingham_EA-RG_200807281505-200807290245.csv
134,1151,2008/11/08 04:05,2008/11/09 23:50,I:\Data_centre\FloodCitiSense\RG\01-1_EventSelection_3000\Merged_Data\134_1151_Birmingham_EA-RG_200811080405-200811092350.csv
135,1052,2008/05/26 06:05,2008/05/30 09:45,I:\Data_centre\FloodCitiSense\RG\01-1_EventSelection_3000\Merged_Data\135_1052_Birmingham_EA-RG_200805260605-200805300945.csv
136,1284,2009/06/10 09:45,2009/06/10 23:30,I:\Data_centre\FloodCitiSense\RG\01-1_EventSelection_3000\Merged_Data\136_1284_Birmingham_EA-RG_200906100945-200906102330.csv
137,853,2007/08/14 00:15,2007/08/15 14:35,I:\Data_centre\FloodCitiSense\RG\01-1_EventSelection_3000\Merged_Data\137_853_Birmingham_EA-RG_200708140015-200708151435.csv
138,2238,2013/07/29 11:10,2013/07/29 16:30,I:\Data_centre\FloodCitiSense\RG\01-1_EventSelection_3000\Merged_Data\138_2238_Birmingham_EA-RG_201307291110-201307291630.csv
139,2100,2012/11/25 15:10,2012/11/26 01:25,I:\Data_centre\FloodCitiSense\RG\01-1_EventSelection_3000\Merged_Data\139_2100_Birmingham_EA-RG_201211251510-201211260125.csv
140,827,2007/07/02 01:25,2007/07/03 12:50,I:\Data_centre\FloodCitiSense\RG\01-1_EventSelection_3000\Merged_Data\140_827_Birmingham_EA-RG_200707020125-200707031250.csv
141,821,2007/06/22 04:15,2007/06/23 01:35,I:\Data_centre\FloodCitiSense\RG\01-1_EventSelection_3000\Merged_Data\141_821_Birmingham_EA-RG_200706220415-200706230135.csv
142,1295,2009/06/29 15:35,2009/06/29 18:40,I:\Data_centre\FloodCitiSense\RG\01-1_EventSelection_3000\Merged_Data\142_1295_Birmingham_EA-RG_200906291535-200906291840.csv
143,1081,2008/08/01 20:25,2008/08/02 10:45,I:\Data_centre\FloodCitiSense\RG\01-1_EventSelection_3000\Merged_Data\143_1081_Birmingham_EA-RG_200808012025-200808021045.csv
144,2425,2014/04/25 09:00,2014/04/26 15:55,I:\Data_centre\FloodCitiSense\RG\01-1_EventSelection_3000\Merged_Data\144_2425_Birmingham_EA-RG_201404250900-201404261555.csv
145,1494,2010/05/01 17:05,2010/05/02 05:05,I:\Data_centre\FloodCitiSense\RG\01-1_EventSelection_3000\Merged_Data\145_1494_Birmingham_EA-RG_201005011705-201005020505.csv
146,2927,2016/06/20 05:45,2016/06/20 12:45,I:\Data_centre\FloodCitiSense\RG\01-1_EventSelection_3000\Merged_Data\146_2927_Birmingham_EA-RG_201606200545-201606201245.csv
147,2471,2014/07/18 23:05,2014/07/19 15:25,I:\Data_centre\FloodCitiSense\RG\01-1_EventSelection_3000\Merged_Data\147_2471_Birmingham_EA-RG_201407182305-201407191525.csv
148,2924,2016/06/14 11:45,2016/06/17 15:35,I:\Data_centre\FloodCitiSense\RG\01-1_EventSelection_3000\Merged_Data\148_2924_Birmingham_EA-RG_201606141145-201606171535.csv
149,1932,2012/04/03 11:05,2012/04/05 00:25,I:\Data_centre\FloodCitiSense\RG\01-1_EventSelection_3000\Merged_Data\149_1932_Birmingham_EA-RG_201204031105-201204050025.csv
150,2016,2012/08/15 08:50,2012/08/15 15:00,I:\Data_centre\FloodCitiSense\RG\01-1_EventSelection_3000\Merged_Data\150_2016_Birmingham_EA-RG_201208150850-201208151500.csv
151,391,2005/08/13 07:40,2005/08/13 19:35,I:\Data_centre\FloodCitiSense\RG\01-1_EventSelection_3000\Merged_Data\151_391_Birmingham_EA-RG_200508130740-200508131935.csv
152,686,2006/11/17 01:45,2006/11/17 15:05,I:\Data_centre\FloodCitiSense\RG\01-1_EventSelection_3000\Merged_Data\152_686_Birmingham_EA-RG_200611170145-200611171505.csv
153,2224,2013/06/20 17:05,2013/06/20 20:15,I:\Data_centre\FloodCitiSense\RG\01-1_EventSelection_3000\Merged_Data\153_2224_Birmingham_EA-RG_201306201705-201306202015.csv
154,3161,2017/05/17 02:40,2017/05/17 17:25,I:\Data_centre\FloodCitiSense\RG\01-1_EventSelection_3000\Merged_Data\154_3161_Birmingham_EA-RG_201705170240-201705171725.csv
155,479,2005/12/30 02:35,2005/12/30 17:45,I:\Data_centre\FloodCitiSense\RG\01-1_EventSelection_3000\Merged_Data\155_479_Birmingham_EA-RG_200512300235-200512301745.csv
156,909,2007/11/18 01:10,2007/11/19 14:35,I:\Data_centre\FloodCitiSense\RG\01-1_EventSelection_3000\Merged_Data\156_909_Birmingham_EA-RG_200711180110-200711191435.csv
157,1090,2008/08/12 01:40,2008/08/14 07:15,I:\Data_centre\FloodCitiSense\RG\01-1_EventSelection_3000\Merged_Data\157_1090_Birmingham_EA-RG_200808120140-200808140715.csv
